<?xml version="1.0" encoding="UTF-8"?>
<beans xmlns="http://www.springframework.org/schema/beans"
       xmlns:xsi="http://www.w3.org/2001/XMLSchema-instance" 
       xmlns:context="http://www.springframework.org/schema/context"
       xsi:schemaLocation="http://www.springframework.org/schema/beans http://www.springframework.org/schema/beans/spring-beans.xsd http://www.springframework.org/schema/context http://www.springframework.org/schema/context/spring-context-3.1.xsd">

	<context:component-scan base-package="cn.edu.wj"/>

    <context:property-placeholder location="classpath:config.properties"/>

     <!-- 配置服务发现组件 -->
    <bean id="serviceDiscovery" class="cn.edu.wj.rpc.demo.ZookeepreDiscovery">
        <constructor-arg name="registryAddress" value="${registry.address}"/>
    </bean>

    <!-- 配置 RPC 代理 -->
    <bean id="rpcProxy" class="cn.edu.wj.rpc.demo.RpcProxy">
        <constructor-arg name="serviceDiscovery" ref="serviceDiscovery"/>
    </bean>
	
</beans>